{
  "apiVersion": "v1",
  "items": [
    {
      "apiVersion": "batch/v1",
      "kind": "CronJob",
      "metadata": {
        "creationTimestamp": "2021-08-18T12:16:17Z",
        "name": "kpi-deploy",
        "namespace": "kpi-report",
        "resourceVersion": "25483609",
        "uid": "c16c50ad-700c-4e6b-bb2c-5082fa608ae0"
      },
      "spec": {
        "concurrencyPolicy": "Allow",
        "failedJobsHistoryLimit": 1,
        "jobTemplate": {
          "metadata": {
            "creationTimestamp": null
          },
          "spec": {
            "template": {
              "metadata": {
                "creationTimestamp": null
              },
              "spec": {
                "containers": [
                  {
                    "command": [
                      "curl",
                      "-X",
                      "POST",
                      "-H",
                      "Content-Type: application/json",
                      "-k",
                      "https://api.acps-bravo.got.volvo.net:6443/apis/build.openshift.io/v1/namespaces/kpi-report/buildconfigs/kpi-deploy/webhooks/bc25282afcfc2c05/generic"
                    ],
                    "image": "rhel7",
                    "imagePullPolicy": "Always",
                    "name": "kpi-deploy",
                    "resources": {},
                    "terminationMessagePath": "/dev/termination-log",
                    "terminationMessagePolicy": "File"
                  }
                ],
                "dnsPolicy": "ClusterFirst",
                "restartPolicy": "OnFailure",
                "schedulerName": "default-scheduler",
                "securityContext": {},
                "terminationGracePeriodSeconds": 30
              }
            }
          }
        },
        "schedule": "0/15 * * * *",
        "successfulJobsHistoryLimit": 3,
        "suspend": false
      }
    },
    {
      "apiVersion": "batch/v1",
      "kind": "CronJob",
      "metadata": {
        "creationTimestamp": "2021-08-18T12:16:17Z",
        "name": "kpi-premium",
        "namespace": "kpi-report",
        "resourceVersion": "25486333",
        "uid": "8a72dc81-e019-4cd7-bac1-a0c0d4f9dc52"
      },
      "spec": {
        "concurrencyPolicy": "Allow",
        "failedJobsHistoryLimit": 1,
        "jobTemplate": {
          "metadata": {
            "creationTimestamp": null
          },
          "spec": {
            "template": {
              "metadata": {
                "creationTimestamp": null
              },
              "spec": {
                "containers": [
                  {
                    "command": [
                      "curl",
                      "-X",
                      "POST",
                      "-H",
                      "Content-Type: application/json",
                      "-k",
                      "https://api.acps-bravo.got.volvo.net:6443/apis/build.openshift.io/v1/namespaces/kpi-report/buildconfigs/kpi-premium/webhooks/013e7caab7da3514/generic"
                    ],
                    "image": "rhel7",
                    "imagePullPolicy": "Always",
                    "name": "kpi-deploy",
                    "resources": {},
                    "terminationMessagePath": "/dev/termination-log",
                    "terminationMessagePolicy": "File"
                  }
                ],
                "dnsPolicy": "ClusterFirst",
                "restartPolicy": "OnFailure",
                "schedulerName": "default-scheduler",
                "securityContext": {},
                "terminationGracePeriodSeconds": 30
              }
            }
          }
        },
        "schedule": "0/5 * * * *",
        "successfulJobsHistoryLimit": 3,
        "suspend": false
      }
    },
    {
      "apiVersion": "batch/v1",
      "kind": "CronJob",
      "metadata": {
        "creationTimestamp": "2021-08-18T12:16:17Z",
        "name": "kpi-standard",
        "namespace": "kpi-report",
        "resourceVersion": "25483619",
        "uid": "5656252c-7f0b-4b1b-995c-5df96f971e0b"
      },
      "spec": {
        "concurrencyPolicy": "Allow",
        "failedJobsHistoryLimit": 1,
        "jobTemplate": {
          "metadata": {
            "creationTimestamp": null
          },
          "spec": {
            "template": {
              "metadata": {
                "creationTimestamp": null
              },
              "spec": {
                "containers": [
                  {
                    "command": [
                      "curl",
                      "-X",
                      "POST",
                      "-H",
                      "Content-Type: application/json",
                      "-k",
                      "https://api.acps-bravo.got.volvo.net:6443/apis/build.openshift.io/v1/namespaces/kpi-report/buildconfigs/kpi-standard/webhooks/74fefe10c1bf0bab/generic"
                    ],
                    "image": "rhel7",
                    "imagePullPolicy": "Always",
                    "name": "kpi-deploy",
                    "resources": {},
                    "terminationMessagePath": "/dev/termination-log",
                    "terminationMessagePolicy": "File"
                  }
                ],
                "dnsPolicy": "ClusterFirst",
                "restartPolicy": "OnFailure",
                "schedulerName": "default-scheduler",
                "securityContext": {},
                "terminationGracePeriodSeconds": 30
              }
            }
          }
        },
        "schedule": "0/15 * * * *",
        "successfulJobsHistoryLimit": 3,
        "suspend": false
      }
    }
  ],
  "kind": "List",
  "metadata": {
    "resourceVersion": "",
    "selfLink": ""
  }
}
