{
  "apiVersion": "v1",
  "items": [
    {
      "apiVersion": "image.openshift.io/v1",
      "generation": 2,
      "image": {
        "dockerImageLayers": null,
        "dockerImageMetadata": {
          "ContainerConfig": {},
          "Created": null,
          "Id": "",
          "apiVersion": "image.openshift.io/1.0",
          "kind": "DockerImage"
        },
        "dockerImageMetadataVersion": "1.0",
        "dockerImageReference": "image-registry.openshift-image-registry.svc:5000/kpi-report/gogs@sha256:c07c9169ef605506c1449f3f944dc2730220f0350ae667cd1f13beb3550fa790",
        "metadata": {
          "creationTimestamp": null,
          "name": "sha256:c07c9169ef605506c1449f3f944dc2730220f0350ae667cd1f13beb3550fa790"
        }
      },
      "kind": "ImageStreamTag",
      "lookupPolicy": {
        "local": false
      },
      "metadata": {
        "annotations": {
          "description": "The Gogs git server docker image",
          "tags": "gogs,go,golang",
          "version": "latest"
        },
        "creationTimestamp": "2021-08-18T13:08:27Z",
        "labels": {
          "app": "gogs"
        },
        "name": "gogs:latest",
        "namespace": "kpi-report",
        "resourceVersion": "1323454",
        "uid": "d49630ff-0614-473c-8f47-4caf1de99b5c"
      },
      "tag": {
        "annotations": {
          "description": "The Gogs git server docker image",
          "tags": "gogs,go,golang",
          "version": "latest"
        },
        "from": {
          "kind": "DockerImage",
          "name": "image-registry.openshift-image-registry.svc:5000/openshift/gogs:latest"
        },
        "generation": 2,
        "importPolicy": {},
        "name": "latest",
        "referencePolicy": {
          "type": "Source"
        }
      }
    },
    {
      "apiVersion": "image.openshift.io/v1",
      "generation": 1,
      "image": {
        "dockerImageLayers": null,
        "dockerImageMetadata": {
          "ContainerConfig": {},
          "Created": null,
          "Id": "",
          "apiVersion": "image.openshift.io/1.0",
          "kind": "DockerImage"
        },
        "dockerImageMetadataVersion": "1.0",
        "dockerImageReference": "image-registry.openshift-image-registry.svc:5000/kpi-report/kpi-deploy@sha256:e867f5a578a3a21a00268cfe3b808e28dcda947f6327f49645d2a75133a3f5d8",
        "metadata": {
          "creationTimestamp": null,
          "name": "sha256:e867f5a578a3a21a00268cfe3b808e28dcda947f6327f49645d2a75133a3f5d8"
        }
      },
      "kind": "ImageStreamTag",
      "lookupPolicy": {
        "local": false
      },
      "metadata": {
        "creationTimestamp": "2021-09-21T04:30:33Z",
        "labels": {
          "app": "kpi-deploy",
          "app.kubernetes.io/component": "kpi-deploy",
          "app.kubernetes.io/instance": "kpi-deploy",
          "app.kubernetes.io/name": "php",
          "app.kubernetes.io/part-of": "kpi-deploy",
          "app.openshift.io/runtime": "php",
          "app.openshift.io/runtime-version": "7.3-ubi8"
        },
        "name": "kpi-deploy:latest",
        "namespace": "kpi-report",
        "resourceVersion": "25483901",
        "uid": "8d0c3a24-f03c-458d-8bb8-2c013dd5fa05"
      },
      "tag": null
    },
    {
      "apiVersion": "image.openshift.io/v1",
      "generation": 1,
      "image": {
        "dockerImageLayers": null,
        "dockerImageMetadata": {
          "ContainerConfig": {},
          "Created": null,
          "Id": "",
          "apiVersion": "image.openshift.io/1.0",
          "kind": "DockerImage"
        },
        "dockerImageMetadataVersion": "1.0",
        "dockerImageReference": "image-registry.openshift-image-registry.svc:5000/kpi-report/kpi-premium@sha256:63615518d353b91be16eb90d555a429cdb654e209fa5ef86e1af3693d08c8cd4",
        "metadata": {
          "creationTimestamp": null,
          "name": "sha256:63615518d353b91be16eb90d555a429cdb654e209fa5ef86e1af3693d08c8cd4"
        }
      },
      "kind": "ImageStreamTag",
      "lookupPolicy": {
        "local": false
      },
      "metadata": {
        "creationTimestamp": "2021-09-21T04:35:29Z",
        "labels": {
          "app": "kpi-premium",
          "app.kubernetes.io/component": "kpi-premium",
          "app.kubernetes.io/instance": "kpi-premium",
          "app.kubernetes.io/name": "php",
          "app.kubernetes.io/part-of": "kpi-premium",
          "app.openshift.io/runtime": "php",
          "app.openshift.io/runtime-version": "7.3-ubi7"
        },
        "name": "kpi-premium:latest",
        "namespace": "kpi-report",
        "resourceVersion": "25486532",
        "uid": "58605a5a-5ecd-4f3a-8b2c-0e0a81f915fd"
      },
      "tag": null
    },
    {
      "apiVersion": "image.openshift.io/v1",
      "generation": 1,
      "image": {
        "dockerImageLayers": null,
        "dockerImageMetadata": {
          "ContainerConfig": {},
          "Created": null,
          "Id": "",
          "apiVersion": "image.openshift.io/1.0",
          "kind": "DockerImage"
        },
        "dockerImageMetadataVersion": "1.0",
        "dockerImageReference": "image-registry.openshift-image-registry.svc:5000/kpi-report/kpi-standard@sha256:e53a8608e197d3e7f3793cc8ff90b32617b47729d44452bbbcf04fea42cd846c",
        "metadata": {
          "creationTimestamp": null,
          "name": "sha256:e53a8608e197d3e7f3793cc8ff90b32617b47729d44452bbbcf04fea42cd846c"
        }
      },
      "kind": "ImageStreamTag",
      "lookupPolicy": {
        "local": false
      },
      "metadata": {
        "creationTimestamp": "2021-09-21T04:30:37Z",
        "labels": {
          "app": "kpi-standard",
          "app.kubernetes.io/component": "kpi-standard",
          "app.kubernetes.io/instance": "kpi-standard",
          "app.kubernetes.io/name": "php",
          "app.kubernetes.io/part-of": "kpi-standard",
          "app.openshift.io/runtime": "php",
          "app.openshift.io/runtime-version": "7.3-ubi8"
        },
        "name": "kpi-standard:latest",
        "namespace": "kpi-report",
        "resourceVersion": "25484001",
        "uid": "7876f918-efe0-4cdf-b89c-49cacb72cb60"
      },
      "tag": null
    }
  ],
  "kind": "List",
  "metadata": {
    "resourceVersion": "",
    "selfLink": ""
  }
}
