{
  "apiVersion": "v1",
  "items": [
    {
      "apiVersion": "image.openshift.io/v1",
      "image": null,
      "kind": "ImageTag",
      "metadata": {
        "annotations": {
          "openshift.io/generated-by": "OpenShiftNewApp",
          "openshift.io/image.dockerRepositoryCheck": "2021-08-18T12:16:19Z"
        },
        "creationTimestamp": "2021-08-18T12:16:18Z",
        "generation": 2,
        "labels": {
          "app": "gogs"
        },
        "name": "gogs:latest",
        "namespace": "kpi-report",
        "resourceVersion": "1323454",
        "uid": "d49630ff-0614-473c-8f47-4caf1de99b5c"
      },
      "spec": {
        "annotations": {
          "description": "The Gogs git server docker image",
          "tags": "gogs,go,golang",
          "version": "latest"
        },
        "from": {
          "kind": "DockerImage",
          "name": "image-registry.openshift-image-registry.svc:5000/openshift/gogs:latest"
        },
        "generation": 2,
        "importPolicy": {},
        "name": "latest",
        "referencePolicy": {
          "type": "Source"
        }
      }
    },
    {
      "apiVersion": "image.openshift.io/v1",
      "image": null,
      "kind": "ImageTag",
      "metadata": {
        "annotations": {
          "app.openshift.io/vcs-ref": "master",
          "app.openshift.io/vcs-uri": "http://gogs.kpi-report.svc.clsuter.local:3000/git/kpi-report.git",
          "openshift.io/generated-by": "OpenShiftWebConsole"
        },
        "creationTimestamp": "2021-08-18T12:16:18Z",
        "generation": 1,
        "labels": {
          "app": "kpi-deploy",
          "app.kubernetes.io/component": "kpi-deploy",
          "app.kubernetes.io/instance": "kpi-deploy",
          "app.kubernetes.io/name": "php",
          "app.kubernetes.io/part-of": "kpi-deploy",
          "app.openshift.io/runtime": "php",
          "app.openshift.io/runtime-version": "7.3-ubi8"
        },
        "name": "kpi-deploy:latest",
        "namespace": "kpi-report",
        "resourceVersion": "25483901",
        "uid": "8d0c3a24-f03c-458d-8bb8-2c013dd5fa05"
      },
      "spec": null
    },
    {
      "apiVersion": "image.openshift.io/v1",
      "image": null,
      "kind": "ImageTag",
      "metadata": {
        "annotations": {
          "app.openshift.io/vcs-ref": "master",
          "app.openshift.io/vcs-uri": "http://gogs.kpi-report.svc.cluster.local:3000/git/kpi-report.git",
          "openshift.io/generated-by": "OpenShiftWebConsole"
        },
        "creationTimestamp": "2021-08-18T12:16:18Z",
        "generation": 1,
        "labels": {
          "app": "kpi-premium",
          "app.kubernetes.io/component": "kpi-premium",
          "app.kubernetes.io/instance": "kpi-premium",
          "app.kubernetes.io/name": "php",
          "app.kubernetes.io/part-of": "kpi-premium",
          "app.openshift.io/runtime": "php",
          "app.openshift.io/runtime-version": "7.3-ubi7"
        },
        "name": "kpi-premium:latest",
        "namespace": "kpi-report",
        "resourceVersion": "25486532",
        "uid": "58605a5a-5ecd-4f3a-8b2c-0e0a81f915fd"
      },
      "spec": null
    },
    {
      "apiVersion": "image.openshift.io/v1",
      "image": null,
      "kind": "ImageTag",
      "metadata": {
        "annotations": {
          "app.openshift.io/vcs-ref": "master",
          "app.openshift.io/vcs-uri": "http://gogs.kpi-report.svc.cluster.local:3000/git/kpi-report.git",
          "openshift.io/generated-by": "OpenShiftWebConsole"
        },
        "creationTimestamp": "2021-08-18T12:16:18Z",
        "generation": 1,
        "labels": {
          "app": "kpi-standard",
          "app.kubernetes.io/component": "kpi-standard",
          "app.kubernetes.io/instance": "kpi-standard",
          "app.kubernetes.io/name": "php",
          "app.kubernetes.io/part-of": "kpi-standard",
          "app.openshift.io/runtime": "php",
          "app.openshift.io/runtime-version": "7.3-ubi8"
        },
        "name": "kpi-standard:latest",
        "namespace": "kpi-report",
        "resourceVersion": "25484001",
        "uid": "7876f918-efe0-4cdf-b89c-49cacb72cb60"
      },
      "spec": null
    }
  ],
  "kind": "List",
  "metadata": {
    "resourceVersion": "",
    "selfLink": ""
  }
}
