{
  "apiVersion": "v1",
  "items": [
    {
      "apiVersion": "networking.k8s.io/v1",
      "kind": "NetworkPolicy",
      "metadata": {
        "creationTimestamp": "2021-08-18T12:16:19Z",
        "generation": 1,
        "name": "allow-from-openshift-ingress",
        "namespace": "kpi-report",
        "resourceVersion": "1296387",
        "uid": "21bb4a19-0192-4dc5-999b-30479e71a79b"
      },
      "spec": {
        "ingress": [
          {
            "from": [
              {
                "namespaceSelector": {
                  "matchLabels": {
                    "network.openshift.io/policy-group": "ingress"
                  }
                }
              }
            ]
          }
        ],
        "podSelector": {},
        "policyTypes": [
          "Ingress"
        ]
      }
    },
    {
      "apiVersion": "networking.k8s.io/v1",
      "kind": "NetworkPolicy",
      "metadata": {
        "creationTimestamp": "2021-08-18T12:16:19Z",
        "generation": 1,
        "name": "allow-from-same-namespace",
        "namespace": "kpi-report",
        "resourceVersion": "1296388",
        "uid": "1dcf567c-9aa0-4b03-86ae-26dd3a36c00d"
      },
      "spec": {
        "ingress": [
          {
            "from": [
              {
                "podSelector": {}
              }
            ]
          }
        ],
        "podSelector": {},
        "policyTypes": [
          "Ingress"
        ]
      }
    },
    {
      "apiVersion": "networking.k8s.io/v1",
      "kind": "NetworkPolicy",
      "metadata": {
        "creationTimestamp": "2021-08-18T12:16:19Z",
        "generation": 1,
        "name": "default-deny",
        "namespace": "kpi-report",
        "resourceVersion": "1296389",
        "uid": "b74eb2ee-11fd-4188-8f53-2a2b886478c5"
      },
      "spec": {
        "podSelector": {},
        "policyTypes": [
          "Ingress"
        ]
      }
    },
    {
      "apiVersion": "networking.k8s.io/v1",
      "kind": "NetworkPolicy",
      "metadata": {
        "creationTimestamp": "2021-08-18T12:16:19Z",
        "generation": 1,
        "name": "kpi-deploy-allow-external",
        "namespace": "kpi-report",
        "resourceVersion": "1296390",
        "uid": "57b5fe58-3b19-4d18-9c1b-0e00477c3208"
      },
      "spec": {
        "ingress": [
          {}
        ],
        "podSelector": {
          "matchLabels": {
            "app": "kpi-deploy"
          }
        },
        "policyTypes": [
          "Ingress"
        ]
      }
    },
    {
      "apiVersion": "networking.k8s.io/v1",
      "kind": "NetworkPolicy",
      "metadata": {
        "creationTimestamp": "2021-08-18T12:16:19Z",
        "generation": 1,
        "name": "kpi-standard-allow-external",
        "namespace": "kpi-report",
        "resourceVersion": "1296391",
        "uid": "65e24e42-5d2c-4a28-bc9d-bf985a05b1c9"
      },
      "spec": {
        "ingress": [
          {}
        ],
        "podSelector": {
          "matchLabels": {
            "app": "kpi-standard"
          }
        },
        "policyTypes": [
          "Ingress"
        ]
      }
    },
    {
      "apiVersion": "networking.k8s.io/v1",
      "kind": "NetworkPolicy",
      "metadata": {
        "creationTimestamp": "2021-08-18T12:16:19Z",
        "generation": 1,
        "name": "premium-allow-external",
        "namespace": "kpi-report",
        "resourceVersion": "1296392",
        "uid": "95afb6a7-19ce-425b-b502-20da58d0ec30"
      },
      "spec": {
        "ingress": [
          {}
        ],
        "podSelector": {
          "matchLabels": {
            "premium": "true"
          }
        },
        "policyTypes": [
          "Ingress"
        ]
      }
    }
  ],
  "kind": "List",
  "metadata": {
    "resourceVersion": "",
    "selfLink": ""
  }
}
