{
  "apiVersion": "v1",
  "items": [
    {
      "apiVersion": "v1",
      "kind": "Endpoints",
      "metadata": {
        "annotations": {
          "endpoints.kubernetes.io/last-change-trigger-time": "2021-09-17T13:07:04Z"
        },
        "creationTimestamp": "2021-08-18T12:16:18Z",
        "labels": {
          "app": "gogs"
        },
        "name": "gogs",
        "namespace": "kpi-report",
        "resourceVersion": "22839081",
        "uid": "48dd9b3f-3b5a-4d67-9be8-7a518454cd33"
      },
      "subsets": [
        {
          "addresses": [
            {
              "ip": "10.131.1.75",
              "nodeName": "segotl4493.got.volvo.net",
              "targetRef": {
                "kind": "Pod",
                "name": "gogs-2-8fm5f",
                "namespace": "kpi-report",
                "resourceVersion": "22839080",
                "uid": "7d289eb3-bcd3-4435-a915-1ef02554b5ca"
              }
            }
          ],
          "ports": [
            {
              "name": "3000-tcp",
              "port": 3000,
              "protocol": "TCP"
            }
          ]
        }
      ]
    },
    {
      "apiVersion": "v1",
      "kind": "Endpoints",
      "metadata": {
        "annotations": {
          "endpoints.kubernetes.io/last-change-trigger-time": "2021-08-27T09:06:45Z"
        },
        "creationTimestamp": "2021-08-18T12:16:18Z",
        "labels": {
          "app": "gogs"
        },
        "name": "gogs-postgresql",
        "namespace": "kpi-report",
        "resourceVersion": "7500955",
        "uid": "953a855b-b3d3-4990-a6e5-6192e490f4d6"
      },
      "subsets": [
        {
          "addresses": [
            {
              "ip": "10.131.0.22",
              "nodeName": "segotl4493.got.volvo.net",
              "targetRef": {
                "kind": "Pod",
                "name": "gogs-postgresql-1-wbm8b",
                "namespace": "kpi-report",
                "resourceVersion": "7500953",
                "uid": "d80813d6-bdc5-4ee1-b778-fa589608d748"
              }
            }
          ],
          "ports": [
            {
              "name": "postgresql",
              "port": 5432,
              "protocol": "TCP"
            }
          ]
        }
      ]
    },
    {
      "apiVersion": "v1",
      "kind": "Endpoints",
      "metadata": {
        "creationTimestamp": "2021-08-18T12:16:18Z",
        "labels": {
          "app": "kpi-deploy",
          "app.kubernetes.io/component": "kpi-deploy",
          "app.kubernetes.io/instance": "kpi-deploy",
          "app.kubernetes.io/name": "php",
          "app.kubernetes.io/part-of": "kpi-deploy",
          "app.openshift.io/runtime": "php",
          "app.openshift.io/runtime-version": "7.3-ubi8"
        },
        "name": "kpi-deploy",
        "namespace": "kpi-report",
        "resourceVersion": "25484062",
        "uid": "8abb8efc-abf6-4ba1-a964-e1a1503b2d4b"
      },
      "subsets": [
        {
          "addresses": [
            {
              "ip": "10.128.6.224",
              "nodeName": "segotl4491.got.volvo.net",
              "targetRef": {
                "kind": "Pod",
                "name": "kpi-deploy-3147-vfc22",
                "namespace": "kpi-report",
                "resourceVersion": "25484053",
                "uid": "41620620-3560-41cd-9ae2-6791f7cd75bc"
              }
            }
          ],
          "ports": [
            {
              "name": "8080-tcp",
              "port": 8080,
              "protocol": "TCP"
            },
            {
              "name": "8443-tcp",
              "port": 8443,
              "protocol": "TCP"
            }
          ]
        }
      ]
    },
    {
      "apiVersion": "v1",
      "kind": "Endpoints",
      "metadata": {
        "creationTimestamp": "2021-08-18T12:16:18Z",
        "labels": {
          "app": "kpi-premium-ardh",
          "app.kubernetes.io/component": "kpi-premium-ardh",
          "app.kubernetes.io/instance": "kpi-premium-ardh",
          "app.kubernetes.io/part-of": "kpi-premium",
          "premium": "true"
        },
        "name": "kpi-premium-ardh",
        "namespace": "kpi-report",
        "resourceVersion": "25486736",
        "uid": "3a9668a1-9a76-4a00-ae5b-bab1f8c71cb4"
      },
      "subsets": [
        {
          "addresses": [
            {
              "ip": "10.128.3.185",
              "nodeName": "segotl4494.got.volvo.net",
              "targetRef": {
                "kind": "Pod",
                "name": "kpi-premium-ardh-9463-nqpvr",
                "namespace": "kpi-report",
                "resourceVersion": "25486723",
                "uid": "5e395710-bebb-45f9-9685-c54f2b419d12"
              }
            }
          ],
          "ports": [
            {
              "name": "8080-tcp",
              "port": 8080,
              "protocol": "TCP"
            },
            {
              "name": "8443-tcp",
              "port": 8443,
              "protocol": "TCP"
            }
          ]
        }
      ]
    },
    {
      "apiVersion": "v1",
      "kind": "Endpoints",
      "metadata": {
        "creationTimestamp": "2021-08-18T12:16:18Z",
        "labels": {
          "app": "kpi-premium-db",
          "app.kubernetes.io/component": "kpi-premium-db",
          "app.kubernetes.io/instance": "kpi-premium-db",
          "app.kubernetes.io/part-of": "kpi-premium",
          "premium": "true"
        },
        "name": "kpi-premium-db",
        "namespace": "kpi-report",
        "resourceVersion": "25486694",
        "uid": "59e394d5-3eee-47f4-887a-91988d2c235a"
      },
      "subsets": [
        {
          "addresses": [
            {
              "ip": "10.128.6.230",
              "nodeName": "segotl4491.got.volvo.net",
              "targetRef": {
                "kind": "Pod",
                "name": "kpi-premium-db-9447-d6mrq",
                "namespace": "kpi-report",
                "resourceVersion": "25486686",
                "uid": "46df44e3-6c47-4c4d-b6f5-6dceb0d4992c"
              }
            }
          ],
          "ports": [
            {
              "name": "8080-tcp",
              "port": 8080,
              "protocol": "TCP"
            },
            {
              "name": "8443-tcp",
              "port": 8443,
              "protocol": "TCP"
            }
          ]
        }
      ]
    },
    {
      "apiVersion": "v1",
      "kind": "Endpoints",
      "metadata": {
        "creationTimestamp": "2021-08-18T12:16:18Z",
        "labels": {
          "app": "kpi-standard",
          "app.kubernetes.io/component": "kpi-standard",
          "app.kubernetes.io/instance": "kpi-standard",
          "app.kubernetes.io/name": "php",
          "app.kubernetes.io/part-of": "kpi-standard",
          "app.openshift.io/runtime": "php",
          "app.openshift.io/runtime-version": "7.3-ubi8"
        },
        "name": "kpi-standard",
        "namespace": "kpi-report",
        "resourceVersion": "25484154",
        "uid": "f3103ba1-86e9-42fa-aec4-3da33e7e30c5"
      },
      "subsets": [
        {
          "addresses": [
            {
              "ip": "10.131.5.207",
              "nodeName": "segotl4487.got.volvo.net",
              "targetRef": {
                "kind": "Pod",
                "name": "kpi-standard-3149-lwf6l",
                "namespace": "kpi-report",
                "resourceVersion": "25484143",
                "uid": "90058cb4-13c5-4f5f-92c4-472c337d96c6"
              }
            }
          ],
          "ports": [
            {
              "name": "8080-tcp",
              "port": 8080,
              "protocol": "TCP"
            },
            {
              "name": "8443-tcp",
              "port": 8443,
              "protocol": "TCP"
            }
          ]
        }
      ]
    }
  ],
  "kind": "List",
  "metadata": {
    "resourceVersion": "",
    "selfLink": ""
  }
}
