{
  "apiVersion": "v1",
  "items": [
    {
      "apiVersion": "apps.openshift.io/v1",
      "kind": "DeploymentConfig",
      "metadata": {
        "annotations": {
          "openshift.io/generated-by": "OpenShiftNewApp"
        },
        "creationTimestamp": "2021-08-18T12:16:18Z",
        "generation": 18,
        "labels": {
          "app": "gogs"
        },
        "name": "gogs",
        "namespace": "kpi-report",
        "resourceVersion": "22839084",
        "uid": "adace7d7-5d94-42da-bc5f-567b1ada695e"
      },
      "spec": {
        "replicas": 1,
        "revisionHistoryLimit": 10,
        "selector": {
          "app": "gogs",
          "deploymentconfig": "gogs"
        },
        "strategy": {
          "activeDeadlineSeconds": 21600,
          "resources": {},
          "rollingParams": {
            "intervalSeconds": 1,
            "maxSurge": "25%",
            "maxUnavailable": "25%",
            "timeoutSeconds": 600,
            "updatePeriodSeconds": 1
          },
          "type": "Rolling"
        },
        "template": {
          "metadata": {
            "annotations": {
              "openshift.io/generated-by": "OpenShiftNewApp"
            },
            "creationTimestamp": null,
            "labels": {
              "app": "gogs",
              "deploymentconfig": "gogs"
            }
          },
          "spec": {
            "containers": [
              {
                "image": "image-registry.openshift-image-registry.svc:5000/kpi-report/gogs@sha256:c07c9169ef605506c1449f3f944dc2730220f0350ae667cd1f13beb3550fa790",
                "imagePullPolicy": "Always",
                "livenessProbe": {
                  "failureThreshold": 10,
                  "httpGet": {
                    "path": "/",
                    "port": 3000,
                    "scheme": "HTTP"
                  },
                  "initialDelaySeconds": 40,
                  "periodSeconds": 10,
                  "successThreshold": 1,
                  "timeoutSeconds": 1
                },
                "name": "gogs",
                "ports": [
                  {
                    "containerPort": 3000,
                    "protocol": "TCP"
                  }
                ],
                "readinessProbe": {
                  "failureThreshold": 10,
                  "httpGet": {
                    "path": "/",
                    "port": 3000,
                    "scheme": "HTTP"
                  },
                  "initialDelaySeconds": 40,
                  "periodSeconds": 20,
                  "successThreshold": 1,
                  "timeoutSeconds": 1
                },
                "resources": {},
                "terminationMessagePath": "/dev/termination-log",
                "terminationMessagePolicy": "File",
                "volumeMounts": [
                  {
                    "mountPath": "/opt/gogs/data",
                    "name": "gogs-data"
                  },
                  {
                    "mountPath": "/etc/gogs/conf",
                    "name": "gogs-config"
                  }
                ]
              }
            ],
            "dnsPolicy": "ClusterFirst",
            "restartPolicy": "Always",
            "schedulerName": "default-scheduler",
            "securityContext": {},
            "serviceAccount": "gogs",
            "serviceAccountName": "gogs",
            "terminationGracePeriodSeconds": 30,
            "volumes": [
              {
                "name": "gogs-data",
                "persistentVolumeClaim": {
                  "claimName": "gogs-data"
                }
              },
              {
                "configMap": {
                  "defaultMode": 420,
                  "items": [
                    {
                      "key": "app.ini",
                      "path": "app.ini"
                    }
                  ],
                  "name": "gogs-config"
                },
                "name": "gogs-config"
              }
            ]
          }
        },
        "test": false,
        "triggers": [
          {
            "type": "ConfigChange"
          },
          {
            "imageChangeParams": {
              "automatic": true,
              "containerNames": [
                "gogs"
              ],
              "from": {
                "kind": "ImageStreamTag",
                "name": "gogs:latest",
                "namespace": "kpi-report"
              },
              "lastTriggeredImage": "image-registry.openshift-image-registry.svc:5000/kpi-report/gogs@sha256:c07c9169ef605506c1449f3f944dc2730220f0350ae667cd1f13beb3550fa790"
            },
            "type": "ImageChange"
          }
        ]
      }
    },
    {
      "apiVersion": "apps.openshift.io/v1",
      "kind": "DeploymentConfig",
      "metadata": {
        "annotations": {
          "description": "Defines how to deploy the database",
          "openshift.io/generated-by": "OpenShiftNewApp"
        },
        "creationTimestamp": "2021-08-18T12:16:18Z",
        "generation": 2,
        "labels": {
          "app": "gogs"
        },
        "name": "gogs-postgresql",
        "namespace": "kpi-report",
        "resourceVersion": "7500958",
        "uid": "2f49dd00-9f36-4678-83d1-37309871c36d"
      },
      "spec": {
        "replicas": 1,
        "revisionHistoryLimit": 10,
        "selector": {
          "name": "gogs-postgresql"
        },
        "strategy": {
          "activeDeadlineSeconds": 21600,
          "recreateParams": {
            "timeoutSeconds": 600
          },
          "resources": {},
          "type": "Recreate"
        },
        "template": {
          "metadata": {
            "annotations": {
              "openshift.io/generated-by": "OpenShiftNewApp"
            },
            "creationTimestamp": null,
            "labels": {
              "name": "gogs-postgresql"
            },
            "name": "gogs-postgresql"
          },
          "spec": {
            "containers": [
              {
                "env": [
                  {
                    "name": "POSTGRESQL_USER",
                    "value": "gogs"
                  },
                  {
                    "name": "POSTGRESQL_PASSWORD",
                    "value": "gogs"
                  },
                  {
                    "name": "POSTGRESQL_DATABASE",
                    "value": "gogs"
                  },
                  {
                    "name": "POSTGRESQL_MAX_CONNECTIONS",
                    "value": "100"
                  },
                  {
                    "name": "POSTGRESQL_SHARED_BUFFERS",
                    "value": "12MB"
                  },
                  {
                    "name": "POSTGRESQL_ADMIN_PASSWORD",
                    "value": "784xxhN0"
                  }
                ],
                "image": "image-registry.openshift-image-registry.svc:5000/openshift/postgresql@sha256:dad859cc20086a32ac82d289dde326813188515bb38d1c53e3bbb109e259feee",
                "imagePullPolicy": "IfNotPresent",
                "livenessProbe": {
                  "failureThreshold": 10,
                  "initialDelaySeconds": 30,
                  "periodSeconds": 20,
                  "successThreshold": 1,
                  "tcpSocket": {
                    "port": 5432
                  },
                  "timeoutSeconds": 1
                },
                "name": "postgresql",
                "ports": [
                  {
                    "containerPort": 5432,
                    "protocol": "TCP"
                  }
                ],
                "readinessProbe": {
                  "exec": {
                    "command": [
                      "/bin/sh",
                      "-i",
                      "-c",
                      "psql -h 127.0.0.1 -U ${POSTGRESQL_USER} -q -d ${POSTGRESQL_DATABASE} -c 'SELECT 1'"
                    ]
                  },
                  "failureThreshold": 10,
                  "initialDelaySeconds": 30,
                  "periodSeconds": 10,
                  "successThreshold": 1,
                  "timeoutSeconds": 1
                },
                "resources": {
                  "limits": {
                    "memory": "512Mi"
                  }
                },
                "terminationMessagePath": "/dev/termination-log",
                "terminationMessagePolicy": "File",
                "volumeMounts": [
                  {
                    "mountPath": "/var/lib/pgsql/data",
                    "name": "gogs-postgres-data"
                  }
                ]
              }
            ],
            "dnsPolicy": "ClusterFirst",
            "restartPolicy": "Always",
            "schedulerName": "default-scheduler",
            "securityContext": {},
            "serviceAccount": "gogs",
            "serviceAccountName": "gogs",
            "terminationGracePeriodSeconds": 30,
            "volumes": [
              {
                "name": "gogs-postgres-data",
                "persistentVolumeClaim": {
                  "claimName": "gogs-postgres-data"
                }
              }
            ]
          }
        },
        "test": false,
        "triggers": [
          {
            "imageChangeParams": {
              "automatic": true,
              "containerNames": [
                "postgresql"
              ],
              "from": {
                "kind": "ImageStreamTag",
                "name": "postgresql:10-el8",
                "namespace": "openshift"
              },
              "lastTriggeredImage": "image-registry.openshift-image-registry.svc:5000/openshift/postgresql@sha256:dad859cc20086a32ac82d289dde326813188515bb38d1c53e3bbb109e259feee"
            },
            "type": "ImageChange"
          },
          {
            "type": "ConfigChange"
          }
        ]
      }
    },
    {
      "apiVersion": "apps.openshift.io/v1",
      "kind": "DeploymentConfig",
      "metadata": {
        "annotations": {
          "app.openshift.io/vcs-ref": "master",
          "app.openshift.io/vcs-uri": "http://gogs.kpi-report.svc.clsuter.local:3000/git/kpi-report.git",
          "openshift.io/generated-by": "OpenShiftWebConsole"
        },
        "creationTimestamp": "2021-08-18T12:16:18Z",
        "generation": 3148,
        "labels": {
          "app": "kpi-deploy",
          "app.kubernetes.io/component": "kpi-deploy",
          "app.kubernetes.io/instance": "kpi-deploy",
          "app.kubernetes.io/name": "php",
          "app.kubernetes.io/part-of": "kpi-deploy",
          "app.openshift.io/runtime": "php",
          "app.openshift.io/runtime-version": "7.3-ubi8"
        },
        "name": "kpi-deploy",
        "namespace": "kpi-report",
        "resourceVersion": "25484135",
        "uid": "e09e2c25-b4dc-4123-b453-0b9208456ca6"
      },
      "spec": {
        "replicas": 1,
        "revisionHistoryLimit": 10,
        "selector": {
          "app": "kpi-deploy",
          "deploymentconfig": "kpi-deploy"
        },
        "strategy": {
          "activeDeadlineSeconds": 21600,
          "resources": {},
          "rollingParams": {
            "intervalSeconds": 1,
            "maxSurge": "25%",
            "maxUnavailable": "25%",
            "timeoutSeconds": 600,
            "updatePeriodSeconds": 1
          },
          "type": "Rolling"
        },
        "template": {
          "metadata": {
            "creationTimestamp": null,
            "labels": {
              "app": "kpi-deploy",
              "deploymentconfig": "kpi-deploy"
            }
          },
          "spec": {
            "containers": [
              {
                "image": "image-registry.openshift-image-registry.svc:5000/kpi-report/kpi-deploy@sha256:e867f5a578a3a21a00268cfe3b808e28dcda947f6327f49645d2a75133a3f5d8",
                "imagePullPolicy": "Always",
                "name": "kpi-deploy",
                "ports": [
                  {
                    "containerPort": 8080,
                    "protocol": "TCP"
                  },
                  {
                    "containerPort": 8443,
                    "protocol": "TCP"
                  }
                ],
                "resources": {},
                "terminationMessagePath": "/dev/termination-log",
                "terminationMessagePolicy": "File"
              }
            ],
            "dnsPolicy": "ClusterFirst",
            "restartPolicy": "Always",
            "schedulerName": "default-scheduler",
            "securityContext": {},
            "terminationGracePeriodSeconds": 30
          }
        },
        "test": false,
        "triggers": [
          {
            "imageChangeParams": {
              "automatic": true,
              "containerNames": [
                "kpi-deploy"
              ],
              "from": {
                "kind": "ImageStreamTag",
                "name": "kpi-deploy:latest",
                "namespace": "kpi-report"
              },
              "lastTriggeredImage": "image-registry.openshift-image-registry.svc:5000/kpi-report/kpi-deploy@sha256:e867f5a578a3a21a00268cfe3b808e28dcda947f6327f49645d2a75133a3f5d8"
            },
            "type": "ImageChange"
          },
          {
            "type": "ConfigChange"
          }
        ]
      }
    },
    {
      "apiVersion": "apps.openshift.io/v1",
      "kind": "DeploymentConfig",
      "metadata": {
        "annotations": {
          "openshift.io/generated-by": "OpenShiftWebConsole"
        },
        "creationTimestamp": "2021-08-18T12:16:18Z",
        "generation": 9464,
        "labels": {
          "app": "kpi-premium-ardh",
          "app.kubernetes.io/component": "kpi-premium-ardh",
          "app.kubernetes.io/instance": "kpi-premium-ardh",
          "app.kubernetes.io/name": "kpi-premium",
          "app.kubernetes.io/part-of": "kpi-premium",
          "app.openshift.io/runtime": "php",
          "app.openshift.io/runtime-namespace": "kpi-report",
          "app.openshift.io/runtime-version": "latest",
          "premium": "true"
        },
        "name": "kpi-premium-ardh",
        "namespace": "kpi-report",
        "resourceVersion": "25486790",
        "uid": "57d1775f-53a6-4840-90c1-150101a3d9d9"
      },
      "spec": {
        "replicas": 1,
        "revisionHistoryLimit": 10,
        "selector": {
          "app": "kpi-premium-ardh",
          "deploymentconfig": "kpi-premium-ardh"
        },
        "strategy": {
          "activeDeadlineSeconds": 21600,
          "resources": {},
          "rollingParams": {
            "intervalSeconds": 1,
            "maxSurge": "25%",
            "maxUnavailable": "25%",
            "timeoutSeconds": 600,
            "updatePeriodSeconds": 1
          },
          "type": "Rolling"
        },
        "template": {
          "metadata": {
            "annotations": {
              "openshift.io/generated-by": "OpenShiftWebConsole"
            },
            "creationTimestamp": null,
            "labels": {
              "app": "kpi-premium-ardh",
              "deploymentconfig": "kpi-premium-ardh",
              "premium": "true"
            }
          },
          "spec": {
            "containers": [
              {
                "image": "image-registry.openshift-image-registry.svc:5000/kpi-report/kpi-premium@sha256:63615518d353b91be16eb90d555a429cdb654e209fa5ef86e1af3693d08c8cd4",
                "imagePullPolicy": "IfNotPresent",
                "name": "kpi-premium-ardh",
                "ports": [
                  {
                    "containerPort": 8080,
                    "protocol": "TCP"
                  },
                  {
                    "containerPort": 8443,
                    "protocol": "TCP"
                  }
                ],
                "resources": {},
                "terminationMessagePath": "/dev/termination-log",
                "terminationMessagePolicy": "File"
              }
            ],
            "dnsPolicy": "ClusterFirst",
            "nodeSelector": {
              "zone": "ardh"
            },
            "restartPolicy": "Always",
            "schedulerName": "default-scheduler",
            "securityContext": {},
            "terminationGracePeriodSeconds": 30
          }
        },
        "test": false,
        "triggers": [
          {
            "imageChangeParams": {
              "automatic": true,
              "containerNames": [
                "kpi-premium-ardh"
              ],
              "from": {
                "kind": "ImageStreamTag",
                "name": "kpi-premium:latest",
                "namespace": "kpi-report"
              },
              "lastTriggeredImage": "image-registry.openshift-image-registry.svc:5000/kpi-report/kpi-premium@sha256:63615518d353b91be16eb90d555a429cdb654e209fa5ef86e1af3693d08c8cd4"
            },
            "type": "ImageChange"
          },
          {
            "type": "ConfigChange"
          }
        ]
      }
    },
    {
      "apiVersion": "apps.openshift.io/v1",
      "kind": "DeploymentConfig",
      "metadata": {
        "annotations": {
          "openshift.io/generated-by": "OpenShiftWebConsole"
        },
        "creationTimestamp": "2021-08-18T12:16:18Z",
        "generation": 9464,
        "labels": {
          "app": "kpi-premium-db",
          "app.kubernetes.io/component": "kpi-premium-db",
          "app.kubernetes.io/instance": "kpi-premium-db",
          "app.kubernetes.io/name": "kpi-premium",
          "app.kubernetes.io/part-of": "kpi-premium",
          "app.openshift.io/runtime": "php",
          "app.openshift.io/runtime-namespace": "kpi-report",
          "app.openshift.io/runtime-version": "latest",
          "premium": "true"
        },
        "name": "kpi-premium-db",
        "namespace": "kpi-report",
        "resourceVersion": "25486716",
        "uid": "f420ac34-f2b7-4af6-bd6d-7fe6bcce8ecb"
      },
      "spec": {
        "replicas": 1,
        "revisionHistoryLimit": 10,
        "selector": {
          "app": "kpi-premium-db",
          "deploymentconfig": "kpi-premium-db"
        },
        "strategy": {
          "activeDeadlineSeconds": 21600,
          "resources": {},
          "rollingParams": {
            "intervalSeconds": 1,
            "maxSurge": "25%",
            "maxUnavailable": "25%",
            "timeoutSeconds": 600,
            "updatePeriodSeconds": 1
          },
          "type": "Rolling"
        },
        "template": {
          "metadata": {
            "annotations": {
              "openshift.io/generated-by": "OpenShiftWebConsole"
            },
            "creationTimestamp": null,
            "labels": {
              "app": "kpi-premium-db",
              "deploymentconfig": "kpi-premium-db",
              "premium": "true"
            }
          },
          "spec": {
            "containers": [
              {
                "image": "image-registry.openshift-image-registry.svc:5000/kpi-report/kpi-premium@sha256:63615518d353b91be16eb90d555a429cdb654e209fa5ef86e1af3693d08c8cd4",
                "imagePullPolicy": "IfNotPresent",
                "name": "kpi-premium-db",
                "ports": [
                  {
                    "containerPort": 8080,
                    "protocol": "TCP"
                  },
                  {
                    "containerPort": 8443,
                    "protocol": "TCP"
                  }
                ],
                "resources": {},
                "terminationMessagePath": "/dev/termination-log",
                "terminationMessagePolicy": "File"
              }
            ],
            "dnsPolicy": "ClusterFirst",
            "nodeSelector": {
              "zone": "db"
            },
            "restartPolicy": "Always",
            "schedulerName": "default-scheduler",
            "securityContext": {},
            "terminationGracePeriodSeconds": 30
          }
        },
        "test": false,
        "triggers": [
          {
            "imageChangeParams": {
              "automatic": true,
              "containerNames": [
                "kpi-premium-db"
              ],
              "from": {
                "kind": "ImageStreamTag",
                "name": "kpi-premium:latest",
                "namespace": "kpi-report"
              },
              "lastTriggeredImage": "image-registry.openshift-image-registry.svc:5000/kpi-report/kpi-premium@sha256:63615518d353b91be16eb90d555a429cdb654e209fa5ef86e1af3693d08c8cd4"
            },
            "type": "ImageChange"
          },
          {
            "type": "ConfigChange"
          }
        ]
      }
    },
    {
      "apiVersion": "apps.openshift.io/v1",
      "kind": "DeploymentConfig",
      "metadata": {
        "annotations": {
          "app.openshift.io/vcs-ref": "master",
          "app.openshift.io/vcs-uri": "http://gogs.kpi-report.svc.cluster.local:3000/git/kpi-report.git",
          "openshift.io/generated-by": "OpenShiftWebConsole"
        },
        "creationTimestamp": "2021-08-18T12:16:18Z",
        "generation": 3150,
        "labels": {
          "app": "kpi-standard",
          "app.kubernetes.io/component": "kpi-standard",
          "app.kubernetes.io/instance": "kpi-standard",
          "app.kubernetes.io/name": "php",
          "app.kubernetes.io/part-of": "kpi-standard",
          "app.openshift.io/runtime": "php",
          "app.openshift.io/runtime-version": "7.3-ubi8"
        },
        "name": "kpi-standard",
        "namespace": "kpi-report",
        "resourceVersion": "25484181",
        "uid": "0f287706-6a0b-4181-bc0b-de1fbc72309f"
      },
      "spec": {
        "replicas": 1,
        "revisionHistoryLimit": 10,
        "selector": {
          "app": "kpi-standard",
          "deploymentconfig": "kpi-standard"
        },
        "strategy": {
          "activeDeadlineSeconds": 21600,
          "resources": {},
          "rollingParams": {
            "intervalSeconds": 1,
            "maxSurge": "25%",
            "maxUnavailable": "25%",
            "timeoutSeconds": 600,
            "updatePeriodSeconds": 1
          },
          "type": "Rolling"
        },
        "template": {
          "metadata": {
            "creationTimestamp": null,
            "labels": {
              "app": "kpi-standard",
              "deploymentconfig": "kpi-standard"
            }
          },
          "spec": {
            "containers": [
              {
                "image": "image-registry.openshift-image-registry.svc:5000/kpi-report/kpi-standard@sha256:e53a8608e197d3e7f3793cc8ff90b32617b47729d44452bbbcf04fea42cd846c",
                "imagePullPolicy": "Always",
                "name": "kpi-standard",
                "ports": [
                  {
                    "containerPort": 8080,
                    "protocol": "TCP"
                  },
                  {
                    "containerPort": 8443,
                    "protocol": "TCP"
                  }
                ],
                "resources": {},
                "terminationMessagePath": "/dev/termination-log",
                "terminationMessagePolicy": "File"
              }
            ],
            "dnsPolicy": "ClusterFirst",
            "nodeSelector": {
              "slastandard": "true"
            },
            "restartPolicy": "Always",
            "schedulerName": "default-scheduler",
            "securityContext": {},
            "terminationGracePeriodSeconds": 30
          }
        },
        "test": false,
        "triggers": [
          {
            "imageChangeParams": {
              "automatic": true,
              "containerNames": [
                "kpi-standard"
              ],
              "from": {
                "kind": "ImageStreamTag",
                "name": "kpi-standard:latest",
                "namespace": "kpi-report"
              },
              "lastTriggeredImage": "image-registry.openshift-image-registry.svc:5000/kpi-report/kpi-standard@sha256:e53a8608e197d3e7f3793cc8ff90b32617b47729d44452bbbcf04fea42cd846c"
            },
            "type": "ImageChange"
          },
          {
            "type": "ConfigChange"
          }
        ]
      }
    }
  ],
  "kind": "List",
  "metadata": {
    "resourceVersion": "",
    "selfLink": ""
  }
}
