{
  "apiVersion": "v1",
  "items": [
    {
      "apiVersion": "route.openshift.io/v1",
      "kind": "Route",
      "metadata": {
        "annotations": {
          "description": "Route for application's http service.",
          "openshift.io/generated-by": "OpenShiftNewApp"
        },
        "creationTimestamp": "2021-08-18T12:16:20Z",
        "labels": {
          "app": "gogs"
        },
        "name": "gogs",
        "namespace": "kpi-report",
        "resourceVersion": "25083642",
        "uid": "b10cf2d3-afcd-42ca-9f7b-d3e235159327"
      },
      "spec": {
        "host": "gogs-kpi-report.apps.acps-bravo-r1.got.volvo.net",
        "to": {
          "kind": "Service",
          "name": "gogs",
          "weight": 100
        },
        "wildcardPolicy": "None"
      }
    },
    {
      "apiVersion": "route.openshift.io/v1",
      "kind": "Route",
      "metadata": {
        "annotations": {
          "openshift.io/host.generated": "true"
        },
        "creationTimestamp": "2021-08-18T12:16:20Z",
        "labels": {
          "app": "kpi-deploy",
          "app.kubernetes.io/component": "kpi-deploy",
          "app.kubernetes.io/instance": "kpi-deploy",
          "app.kubernetes.io/name": "php",
          "app.kubernetes.io/part-of": "kpi-deploy",
          "app.openshift.io/runtime": "php",
          "app.openshift.io/runtime-version": "7.3-ubi8"
        },
        "name": "kpi-deploy",
        "namespace": "kpi-report",
        "resourceVersion": "25083643",
        "uid": "e7a04c09-4660-4230-ab8e-3f130753d953"
      },
      "spec": {
        "host": "kpi-deploy-kpi-report.apps.acps-bravo-r1.got.volvo.net",
        "port": {
          "targetPort": "8080-tcp"
        },
        "tls": {
          "insecureEdgeTerminationPolicy": "Redirect",
          "termination": "edge"
        },
        "to": {
          "kind": "Service",
          "name": "kpi-deploy",
          "weight": 100
        },
        "wildcardPolicy": "None"
      }
    },
    {
      "apiVersion": "route.openshift.io/v1",
      "kind": "Route",
      "metadata": {
        "annotations": {
          "haproxy.router.openshift.io/balance": "roundrobin",
          "haproxy.router.openshift.io/disable_cookies": "true",
          "openshift.io/host.generated": "true"
        },
        "creationTimestamp": "2021-08-18T12:16:20Z",
        "labels": {
          "app": "kpi-premium",
          "app.kubernetes.io/component": "kpi-premium",
          "app.kubernetes.io/instance": "kpi-premium",
          "app.kubernetes.io/name": "php",
          "app.kubernetes.io/part-of": "kpi-premium",
          "app.openshift.io/runtime": "php",
          "app.openshift.io/runtime-version": "7.3-ubi7",
          "premium": "true"
        },
        "name": "kpi-premium",
        "namespace": "kpi-report",
        "resourceVersion": "25083644",
        "uid": "c337f18c-b309-468d-ab12-43aecce22681"
      },
      "spec": {
        "alternateBackends": [
          {
            "kind": "Service",
            "name": "kpi-premium-ardh",
            "weight": 1
          }
        ],
        "host": "kpi-premium-kpi-report.apps.acps-bravo-r1.got.volvo.net",
        "port": {
          "targetPort": "8080-tcp"
        },
        "tls": {
          "insecureEdgeTerminationPolicy": "Redirect",
          "termination": "edge"
        },
        "to": {
          "kind": "Service",
          "name": "kpi-premium-db",
          "weight": 1
        },
        "wildcardPolicy": "None"
      }
    },
    {
      "apiVersion": "route.openshift.io/v1",
      "kind": "Route",
      "metadata": {
        "annotations": {
          "openshift.io/host.generated": "true"
        },
        "creationTimestamp": "2021-08-18T12:16:20Z",
        "labels": {
          "app": "kpi-standard",
          "app.kubernetes.io/component": "kpi-standard",
          "app.kubernetes.io/instance": "kpi-standard",
          "app.kubernetes.io/name": "php",
          "app.kubernetes.io/part-of": "kpi-standard",
          "app.openshift.io/runtime": "php",
          "app.openshift.io/runtime-version": "7.3-ubi8"
        },
        "name": "kpi-standard",
        "namespace": "kpi-report",
        "resourceVersion": "25083645",
        "uid": "c54cc868-f6ec-442a-a459-e52eb3447119"
      },
      "spec": {
        "host": "kpi-standard-kpi-report.apps.acps-bravo-r1.got.volvo.net",
        "port": {
          "targetPort": "8080-tcp"
        },
        "tls": {
          "insecureEdgeTerminationPolicy": "Redirect",
          "termination": "edge"
        },
        "to": {
          "kind": "Service",
          "name": "kpi-standard",
          "weight": 100
        },
        "wildcardPolicy": "None"
      }
    }
  ],
  "kind": "List",
  "metadata": {
    "resourceVersion": "",
    "selfLink": ""
  }
}
