{
  "apiVersion": "v1",
  "items": [
    {
      "apiVersion": "rbac.authorization.k8s.io/v1",
      "kind": "RoleBinding",
      "metadata": {
        "creationTimestamp": "2021-08-18T12:16:19Z",
        "name": "admin",
        "namespace": "kpi-report",
        "resourceVersion": "1296424",
        "uid": "5792d7a4-a70b-41ba-9b7b-d683db004494"
      },
      "roleRef": {
        "apiGroup": "rbac.authorization.k8s.io",
        "kind": "ClusterRole",
        "name": "admin"
      },
      "subjects": [
        {
          "apiGroup": "rbac.authorization.k8s.io",
          "kind": "User",
          "name": "system:admin"
        }
      ]
    },
    {
      "apiVersion": "rbac.authorization.k8s.io/v1",
      "kind": "RoleBinding",
      "metadata": {
        "annotations": {
          "openshift.io/description": "Allows deploymentconfigs in this namespace to rollout pods in this namespace.  It is auto-managed by a controller; remove subjects to disable."
        },
        "creationTimestamp": "2021-08-18T12:11:46Z",
        "name": "system:deployers",
        "namespace": "kpi-report",
        "resourceVersion": "1292519",
        "uid": "a0cc25bf-48fc-42d5-8e31-6b1683a5a5eb"
      },
      "roleRef": {
        "apiGroup": "rbac.authorization.k8s.io",
        "kind": "ClusterRole",
        "name": "system:deployer"
      },
      "subjects": [
        {
          "kind": "ServiceAccount",
          "name": "deployer",
          "namespace": "kpi-report"
        }
      ]
    },
    {
      "apiVersion": "rbac.authorization.k8s.io/v1",
      "kind": "RoleBinding",
      "metadata": {
        "annotations": {
          "openshift.io/description": "Allows builds in this namespace to push images to this namespace.  It is auto-managed by a controller; remove subjects to disable."
        },
        "creationTimestamp": "2021-08-18T12:11:46Z",
        "name": "system:image-builders",
        "namespace": "kpi-report",
        "resourceVersion": "1292513",
        "uid": "67e2d323-716b-4a7b-8bab-097111dbddb0"
      },
      "roleRef": {
        "apiGroup": "rbac.authorization.k8s.io",
        "kind": "ClusterRole",
        "name": "system:image-builder"
      },
      "subjects": [
        {
          "kind": "ServiceAccount",
          "name": "builder",
          "namespace": "kpi-report"
        }
      ]
    },
    {
      "apiVersion": "rbac.authorization.k8s.io/v1",
      "kind": "RoleBinding",
      "metadata": {
        "creationTimestamp": "2021-08-18T12:16:19Z",
        "name": "system:image-puller-kpi-report",
        "namespace": "kpi-report",
        "resourceVersion": "1296425",
        "uid": "fb807116-d93f-47cb-abfd-bfac56052d53"
      },
      "roleRef": {
        "apiGroup": "rbac.authorization.k8s.io",
        "kind": "ClusterRole",
        "name": "system:image-puller"
      },
      "subjects": [
        {
          "kind": "ServiceAccount",
          "name": "default",
          "namespace": "kpi-report"
        }
      ]
    },
    {
      "apiVersion": "rbac.authorization.k8s.io/v1",
      "kind": "RoleBinding",
      "metadata": {
        "annotations": {
          "openshift.io/description": "Allows all pods in this namespace to pull images from this namespace.  It is auto-managed by a controller; remove subjects to disable."
        },
        "creationTimestamp": "2021-08-18T12:11:45Z",
        "name": "system:image-pullers",
        "namespace": "kpi-report",
        "resourceVersion": "1292463",
        "uid": "7c592536-cb16-48a0-8a8c-c74558597854"
      },
      "roleRef": {
        "apiGroup": "rbac.authorization.k8s.io",
        "kind": "ClusterRole",
        "name": "system:image-puller"
      },
      "subjects": [
        {
          "apiGroup": "rbac.authorization.k8s.io",
          "kind": "Group",
          "name": "system:serviceaccounts:kpi-report"
        }
      ]
    }
  ],
  "kind": "List",
  "metadata": {
    "resourceVersion": "",
    "selfLink": ""
  }
}
