{
  "apiVersion": "v1",
  "kind": "Namespace",
  "metadata": {
    "annotations": {
      "openshift.io/sa.scc.mcs": "s0:c30,c15",
      "openshift.io/sa.scc.supplemental-groups": "1000900000/10000",
      "openshift.io/sa.scc.uid-range": "1000900000/10000"
    },
    "creationTimestamp": "2021-08-18T12:11:45Z",
    "labels": {
      "kubernetes.io/metadata.name": "kpi-report"
    },
    "name": "kpi-report",
    "resourceVersion": "1292342",
    "uid": "27466ff1-6934-4948-98cc-cd2b2927710a"
  },
  "spec": {
    "finalizers": [
      "kubernetes"
    ]
  },
  "status": {
    "phase": "Active"
  }
}
