{
  "apiVersion": "v1",
  "items": [
    {
      "apiVersion": "build.openshift.io/v1",
      "kind": "BuildConfig",
      "metadata": {
        "annotations": {
          "app.openshift.io/vcs-ref": "master",
          "app.openshift.io/vcs-uri": "http://gogs.kpi-report.svc.clsuter.local:3000/git/kpi-report.git",
          "openshift.io/generated-by": "OpenShiftWebConsole"
        },
        "creationTimestamp": "2021-08-18T12:16:17Z",
        "generation": 3235,
        "labels": {
          "app": "kpi-deploy",
          "app.kubernetes.io/component": "kpi-deploy",
          "app.kubernetes.io/instance": "kpi-deploy",
          "app.kubernetes.io/name": "php",
          "app.kubernetes.io/part-of": "kpi-deploy",
          "app.openshift.io/runtime": "php",
          "app.openshift.io/runtime-version": "7.3-ubi8"
        },
        "name": "kpi-deploy",
        "namespace": "kpi-report",
        "resourceVersion": "25483556",
        "uid": "6376c03f-7a12-4cf5-8ee5-2a8d0f2ef3ae"
      },
      "spec": {
        "failedBuildsHistoryLimit": 5,
        "nodeSelector": null,
        "output": {
          "to": {
            "kind": "ImageStreamTag",
            "name": "kpi-deploy:latest"
          }
        },
        "postCommit": {},
        "resources": {},
        "runPolicy": "SerialLatestOnly",
        "source": {
          "contextDir": "/",
          "git": {
            "uri": "http://gogs.kpi-report.svc.cluster.local:3000/git/kpi-report.git"
          },
          "type": "Git"
        },
        "strategy": {
          "sourceStrategy": {
            "from": {
              "kind": "ImageStreamTag",
              "name": "php:7.3-ubi8",
              "namespace": "openshift"
            }
          },
          "type": "Source"
        },
        "successfulBuildsHistoryLimit": 5,
        "triggers": [
          {
            "generic": {
              "secretReference": {
                "name": "kpi-deploy-generic-webhook-secret"
              }
            },
            "type": "Generic"
          },
          {
            "imageChange": {
              "lastTriggeredImageID": "image-registry.openshift-image-registry.svc:5000/openshift/php@sha256:ad556aae3e03247066ad4e10fd24eb9b109392957ab2fe7ad2de86d750497777"
            },
            "type": "ImageChange"
          },
          {
            "type": "ConfigChange"
          }
        ]
      }
    },
    {
      "apiVersion": "build.openshift.io/v1",
      "kind": "BuildConfig",
      "metadata": {
        "annotations": {
          "app.openshift.io/vcs-ref": "master",
          "app.openshift.io/vcs-uri": "http://gogs.kpi-report.svc.cluster.local:3000/git/kpi-report.git",
          "openshift.io/generated-by": "OpenShiftWebConsole"
        },
        "creationTimestamp": "2021-08-18T12:16:17Z",
        "generation": 9702,
        "labels": {
          "app": "kpi-premium",
          "app.kubernetes.io/component": "kpi-premium",
          "app.kubernetes.io/instance": "kpi-premium",
          "app.kubernetes.io/name": "php",
          "app.kubernetes.io/part-of": "kpi-premium",
          "app.openshift.io/runtime": "php",
          "app.openshift.io/runtime-version": "7.3-ubi7"
        },
        "name": "kpi-premium",
        "namespace": "kpi-report",
        "resourceVersion": "25486275",
        "uid": "c1296392-913c-4861-8bc7-014e0fb30959"
      },
      "spec": {
        "failedBuildsHistoryLimit": 5,
        "nodeSelector": {
          "slapremium": "true"
        },
        "output": {
          "to": {
            "kind": "ImageStreamTag",
            "name": "kpi-premium:latest"
          }
        },
        "postCommit": {},
        "resources": {},
        "runPolicy": "SerialLatestOnly",
        "source": {
          "contextDir": "/",
          "git": {
            "uri": "http://gogs.kpi-report.svc.cluster.local:3000/git/kpi-report.git"
          },
          "type": "Git"
        },
        "strategy": {
          "sourceStrategy": {
            "from": {
              "kind": "ImageStreamTag",
              "name": "php:7.3-ubi7",
              "namespace": "openshift"
            }
          },
          "type": "Source"
        },
        "successfulBuildsHistoryLimit": 5,
        "triggers": [
          {
            "generic": {
              "secretReference": {
                "name": "kpi-premium-generic-webhook-secret"
              }
            },
            "type": "Generic"
          },
          {
            "imageChange": {
              "lastTriggeredImageID": "image-registry.openshift-image-registry.svc:5000/openshift/php@sha256:e57bf311d203ad94c8b2e7a965d69f1a2ef00868d373157eae79719a9f2d3936"
            },
            "type": "ImageChange"
          },
          {
            "type": "ConfigChange"
          }
        ]
      }
    },
    {
      "apiVersion": "build.openshift.io/v1",
      "kind": "BuildConfig",
      "metadata": {
        "annotations": {
          "app.openshift.io/vcs-ref": "master",
          "app.openshift.io/vcs-uri": "http://gogs.kpi-report.svc.cluster.local:3000/git/kpi-report.git",
          "openshift.io/generated-by": "OpenShiftWebConsole"
        },
        "creationTimestamp": "2021-08-18T12:16:17Z",
        "generation": 3235,
        "labels": {
          "app": "kpi-standard",
          "app.kubernetes.io/component": "kpi-standard",
          "app.kubernetes.io/instance": "kpi-standard",
          "app.kubernetes.io/name": "php",
          "app.kubernetes.io/part-of": "kpi-standard",
          "app.openshift.io/runtime": "php",
          "app.openshift.io/runtime-version": "7.3-ubi8"
        },
        "name": "kpi-standard",
        "namespace": "kpi-report",
        "resourceVersion": "25483564",
        "uid": "0df5b156-4aaf-454b-b61d-d7a2945ece4e"
      },
      "spec": {
        "failedBuildsHistoryLimit": 5,
        "nodeSelector": {
          "slastandard": "true"
        },
        "output": {
          "to": {
            "kind": "ImageStreamTag",
            "name": "kpi-standard:latest"
          }
        },
        "postCommit": {},
        "resources": {},
        "runPolicy": "SerialLatestOnly",
        "source": {
          "contextDir": "/",
          "git": {
            "uri": "http://gogs.kpi-report.svc.cluster.local:3000/git/kpi-report.git"
          },
          "type": "Git"
        },
        "strategy": {
          "sourceStrategy": {
            "from": {
              "kind": "ImageStreamTag",
              "name": "php:7.3-ubi8",
              "namespace": "openshift"
            }
          },
          "type": "Source"
        },
        "successfulBuildsHistoryLimit": 5,
        "triggers": [
          {
            "generic": {
              "secretReference": {
                "name": "kpi-standard-generic-webhook-secret"
              }
            },
            "type": "Generic"
          },
          {
            "imageChange": {
              "lastTriggeredImageID": "image-registry.openshift-image-registry.svc:5000/openshift/php@sha256:ad556aae3e03247066ad4e10fd24eb9b109392957ab2fe7ad2de86d750497777"
            },
            "type": "ImageChange"
          },
          {
            "type": "ConfigChange"
          }
        ]
      }
    }
  ],
  "kind": "List",
  "metadata": {
    "resourceVersion": "",
    "selfLink": ""
  }
}
