{
  "apiVersion": "v1",
  "items": [
    {
      "apiVersion": "v1",
      "kind": "Service",
      "metadata": {
        "annotations": {
          "description": "The Gogs server's http port",
          "openshift.io/generated-by": "OpenShiftNewApp",
          "service.alpha.openshift.io/dependencies": "[{\"name\":\"gogs-postgresql\",\"namespace\":\"\",\"kind\":\"Service\"}]"
        },
        "creationTimestamp": "2021-08-18T12:16:20Z",
        "labels": {
          "app": "gogs"
        },
        "name": "gogs",
        "namespace": "kpi-report",
        "resourceVersion": "1296485",
        "uid": "6c28accb-7014-452e-b2aa-07361497245c"
      },
      "spec": {
        "clusterIP": "172.30.66.131",
        "clusterIPs": [
          "172.30.66.131"
        ],
        "ipFamilies": [
          "IPv4"
        ],
        "ipFamilyPolicy": "SingleStack",
        "ports": [
          {
            "name": "3000-tcp",
            "port": 3000,
            "protocol": "TCP",
            "targetPort": 3000
          }
        ],
        "selector": {
          "app": "gogs",
          "deploymentconfig": "gogs"
        },
        "sessionAffinity": "None",
        "type": "ClusterIP"
      }
    },
    {
      "apiVersion": "v1",
      "kind": "Service",
      "metadata": {
        "annotations": {
          "description": "Exposes the database server",
          "openshift.io/generated-by": "OpenShiftNewApp"
        },
        "creationTimestamp": "2021-08-18T12:16:20Z",
        "labels": {
          "app": "gogs"
        },
        "name": "gogs-postgresql",
        "namespace": "kpi-report",
        "resourceVersion": "1296489",
        "uid": "a89c5eed-2e64-4188-853f-5be1dd2564e9"
      },
      "spec": {
        "clusterIP": "172.30.54.107",
        "clusterIPs": [
          "172.30.54.107"
        ],
        "ipFamilies": [
          "IPv4"
        ],
        "ipFamilyPolicy": "SingleStack",
        "ports": [
          {
            "name": "postgresql",
            "port": 5432,
            "protocol": "TCP",
            "targetPort": 5432
          }
        ],
        "selector": {
          "name": "gogs-postgresql"
        },
        "sessionAffinity": "None",
        "type": "ClusterIP"
      }
    },
    {
      "apiVersion": "v1",
      "kind": "Service",
      "metadata": {
        "annotations": {
          "app.openshift.io/vcs-ref": "master",
          "app.openshift.io/vcs-uri": "http://gogs.kpi-report.svc.clsuter.local:3000/git/kpi-report.git",
          "openshift.io/generated-by": "OpenShiftWebConsole"
        },
        "creationTimestamp": "2021-08-18T12:16:20Z",
        "labels": {
          "app": "kpi-deploy",
          "app.kubernetes.io/component": "kpi-deploy",
          "app.kubernetes.io/instance": "kpi-deploy",
          "app.kubernetes.io/name": "php",
          "app.kubernetes.io/part-of": "kpi-deploy",
          "app.openshift.io/runtime": "php",
          "app.openshift.io/runtime-version": "7.3-ubi8"
        },
        "name": "kpi-deploy",
        "namespace": "kpi-report",
        "resourceVersion": "1296494",
        "uid": "dbbed358-f6a0-4a51-8b07-9a37ac2a67e5"
      },
      "spec": {
        "clusterIP": "172.30.21.195",
        "clusterIPs": [
          "172.30.21.195"
        ],
        "ipFamilies": [
          "IPv4"
        ],
        "ipFamilyPolicy": "SingleStack",
        "ports": [
          {
            "name": "8080-tcp",
            "port": 8080,
            "protocol": "TCP",
            "targetPort": 8080
          },
          {
            "name": "8443-tcp",
            "port": 8443,
            "protocol": "TCP",
            "targetPort": 8443
          }
        ],
        "selector": {
          "app": "kpi-deploy",
          "deploymentconfig": "kpi-deploy"
        },
        "sessionAffinity": "None",
        "type": "ClusterIP"
      }
    },
    {
      "apiVersion": "v1",
      "kind": "Service",
      "metadata": {
        "annotations": {
          "openshift.io/generated-by": "OpenShiftWebConsole"
        },
        "creationTimestamp": "2021-08-18T12:16:20Z",
        "labels": {
          "app": "kpi-premium-ardh",
          "app.kubernetes.io/component": "kpi-premium-ardh",
          "app.kubernetes.io/instance": "kpi-premium-ardh",
          "app.kubernetes.io/part-of": "kpi-premium",
          "premium": "true"
        },
        "name": "kpi-premium-ardh",
        "namespace": "kpi-report",
        "resourceVersion": "1296499",
        "uid": "f83abccc-c30b-4e5d-ac45-75f6ccc90156"
      },
      "spec": {
        "clusterIP": "172.30.184.249",
        "clusterIPs": [
          "172.30.184.249"
        ],
        "ipFamilies": [
          "IPv4"
        ],
        "ipFamilyPolicy": "SingleStack",
        "ports": [
          {
            "name": "8080-tcp",
            "port": 8080,
            "protocol": "TCP",
            "targetPort": 8080
          },
          {
            "name": "8443-tcp",
            "port": 8443,
            "protocol": "TCP",
            "targetPort": 8443
          }
        ],
        "selector": {
          "app": "kpi-premium-ardh",
          "deploymentconfig": "kpi-premium-ardh"
        },
        "sessionAffinity": "None",
        "type": "ClusterIP"
      }
    },
    {
      "apiVersion": "v1",
      "kind": "Service",
      "metadata": {
        "annotations": {
          "openshift.io/generated-by": "OpenShiftWebConsole"
        },
        "creationTimestamp": "2021-08-18T12:16:20Z",
        "labels": {
          "app": "kpi-premium-db",
          "app.kubernetes.io/component": "kpi-premium-db",
          "app.kubernetes.io/instance": "kpi-premium-db",
          "app.kubernetes.io/part-of": "kpi-premium",
          "premium": "true"
        },
        "name": "kpi-premium-db",
        "namespace": "kpi-report",
        "resourceVersion": "1296504",
        "uid": "003486cd-c8d9-4ad6-8cfa-4d11e86db8ce"
      },
      "spec": {
        "clusterIP": "172.30.115.203",
        "clusterIPs": [
          "172.30.115.203"
        ],
        "ipFamilies": [
          "IPv4"
        ],
        "ipFamilyPolicy": "SingleStack",
        "ports": [
          {
            "name": "8080-tcp",
            "port": 8080,
            "protocol": "TCP",
            "targetPort": 8080
          },
          {
            "name": "8443-tcp",
            "port": 8443,
            "protocol": "TCP",
            "targetPort": 8443
          }
        ],
        "selector": {
          "app": "kpi-premium-db",
          "deploymentconfig": "kpi-premium-db"
        },
        "sessionAffinity": "None",
        "type": "ClusterIP"
      }
    },
    {
      "apiVersion": "v1",
      "kind": "Service",
      "metadata": {
        "annotations": {
          "app.openshift.io/vcs-ref": "master",
          "app.openshift.io/vcs-uri": "http://gogs.kpi-report.svc.cluster.local:3000/git/kpi-report.git",
          "openshift.io/generated-by": "OpenShiftWebConsole"
        },
        "creationTimestamp": "2021-08-18T12:16:20Z",
        "labels": {
          "app": "kpi-standard",
          "app.kubernetes.io/component": "kpi-standard",
          "app.kubernetes.io/instance": "kpi-standard",
          "app.kubernetes.io/name": "php",
          "app.kubernetes.io/part-of": "kpi-standard",
          "app.openshift.io/runtime": "php",
          "app.openshift.io/runtime-version": "7.3-ubi8"
        },
        "name": "kpi-standard",
        "namespace": "kpi-report",
        "resourceVersion": "1296508",
        "uid": "a6431f1f-035c-4198-8c87-578ca950d144"
      },
      "spec": {
        "clusterIP": "172.30.2.110",
        "clusterIPs": [
          "172.30.2.110"
        ],
        "ipFamilies": [
          "IPv4"
        ],
        "ipFamilyPolicy": "SingleStack",
        "ports": [
          {
            "name": "8080-tcp",
            "port": 8080,
            "protocol": "TCP",
            "targetPort": 8080
          },
          {
            "name": "8443-tcp",
            "port": 8443,
            "protocol": "TCP",
            "targetPort": 8443
          }
        ],
        "selector": {
          "app": "kpi-standard",
          "deploymentconfig": "kpi-standard"
        },
        "sessionAffinity": "None",
        "type": "ClusterIP"
      }
    }
  ],
  "kind": "List",
  "metadata": {
    "resourceVersion": "",
    "selfLink": ""
  }
}
