{
  "apiVersion": "v1",
  "items": [
    {
      "apiVersion": "v1",
      "imagePullSecrets": [
        {
          "name": "builder-dockercfg-pzw9k"
        }
      ],
      "kind": "ServiceAccount",
      "metadata": {
        "creationTimestamp": "2021-08-18T12:11:45Z",
        "name": "builder",
        "namespace": "kpi-report",
        "resourceVersion": "1292368",
        "uid": "26156edc-c53e-4733-ab0c-de916dd3cd4c"
      },
      "secrets": [
        {
          "name": "builder-dockercfg-pzw9k"
        },
        {
          "name": "builder-token-bv49z"
        }
      ]
    },
    {
      "apiVersion": "v1",
      "imagePullSecrets": [
        {
          "name": "default-dockercfg-w7t5b"
        }
      ],
      "kind": "ServiceAccount",
      "metadata": {
        "creationTimestamp": "2021-08-18T12:11:45Z",
        "name": "default",
        "namespace": "kpi-report",
        "resourceVersion": "1292395",
        "uid": "9355c8b2-b3ad-4697-8860-fa56a0f7803b"
      },
      "secrets": [
        {
          "name": "default-token-8k6kv"
        },
        {
          "name": "default-dockercfg-w7t5b"
        }
      ]
    },
    {
      "apiVersion": "v1",
      "imagePullSecrets": [
        {
          "name": "deployer-dockercfg-c7gjt"
        }
      ],
      "kind": "ServiceAccount",
      "metadata": {
        "creationTimestamp": "2021-08-18T12:11:45Z",
        "name": "deployer",
        "namespace": "kpi-report",
        "resourceVersion": "1292367",
        "uid": "da39637a-4a68-44a7-b45a-09f06ccc6f0f"
      },
      "secrets": [
        {
          "name": "deployer-token-spjgv"
        },
        {
          "name": "deployer-dockercfg-c7gjt"
        }
      ]
    },
    {
      "apiVersion": "v1",
      "imagePullSecrets": [
        {
          "name": "default-dockercfg-w7t5b"
        },
        {
          "name": "gogs-dockercfg-xfcz8"
        }
      ],
      "kind": "ServiceAccount",
      "metadata": {
        "annotations": {
          "openshift.io/generated-by": "OpenShiftNewApp"
        },
        "creationTimestamp": "2021-08-18T12:16:20Z",
        "labels": {
          "app": "gogs"
        },
        "name": "gogs",
        "namespace": "kpi-report",
        "resourceVersion": "1325064",
        "uid": "e1337356-02a7-4aa0-bf2e-5d778790f49b"
      },
      "secrets": [
        {
          "name": "default-token-8k6kv"
        },
        {
          "name": "default-dockercfg-w7t5b"
        },
        {
          "name": "gogs-token-wtvzg"
        },
        {
          "name": "gogs-dockercfg-xfcz8"
        }
      ]
    }
  ],
  "kind": "List",
  "metadata": {
    "resourceVersion": "",
    "selfLink": ""
  }
}
