{
  "apiVersion": "v1",
  "items": [
    {
      "apiVersion": "v1",
      "kind": "PersistentVolumeClaim",
      "metadata": {
        "annotations": {
          "pv.kubernetes.io/bind-completed": "yes",
          "pv.kubernetes.io/bound-by-controller": "yes",
          "volume.beta.kubernetes.io/storage-provisioner": "csi.trident.netapp.io"
        },
        "creationTimestamp": "2021-08-18T12:37:00Z",
        "finalizers": [
          "kubernetes.io/pvc-protection"
        ],
        "name": "gogs-data",
        "namespace": "kpi-report",
        "resourceVersion": "1309419",
        "uid": "23281954-d3b4-4002-822c-80909401437c"
      },
      "spec": {
        "accessModes": [
          "ReadWriteMany"
        ],
        "resources": {
          "requests": {
            "storage": "1Gi"
          }
        },
        "storageClassName": "standard",
        "volumeMode": "Filesystem",
        "volumeName": "pvc-23281954-d3b4-4002-822c-80909401437c"
      }
    },
    {
      "apiVersion": "v1",
      "kind": "PersistentVolumeClaim",
      "metadata": {
        "annotations": {
          "pv.kubernetes.io/bind-completed": "yes",
          "pv.kubernetes.io/bound-by-controller": "yes",
          "volume.beta.kubernetes.io/storage-provisioner": "csi.trident.netapp.io"
        },
        "creationTimestamp": "2021-08-18T12:37:30Z",
        "finalizers": [
          "kubernetes.io/pvc-protection"
        ],
        "name": "gogs-postgres-data",
        "namespace": "kpi-report",
        "resourceVersion": "1309630",
        "uid": "3660866d-73be-4b24-945b-a1bcd035e156"
      },
      "spec": {
        "accessModes": [
          "ReadWriteOnce"
        ],
        "resources": {
          "requests": {
            "storage": "1Gi"
          }
        },
        "storageClassName": "standard",
        "volumeMode": "Filesystem",
        "volumeName": "pvc-3660866d-73be-4b24-945b-a1bcd035e156"
      }
    }
  ],
  "kind": "List",
  "metadata": {
    "resourceVersion": "",
    "selfLink": ""
  }
}
